{
    "eta": 0.996,
    "alpha": 52.96,
    "K": [
        0.12684754871082363,
        0.00025092400360340883,
        0.49742959971805334,
        0.7452845717001423,
        0.12190921264371538,
        0.5027235687741233,
        0.45512591740853475,
        0.09369140709712176,
        0.47131402551629853
    ],
    "L": [
        6.2e-05,
        6.2e-05,
        7.749999999999999e-05,
        7.749999999999999e-05,
        7.749999999999999e-05,
        7.749999999999999e-05,
        7.749999999999999e-05,
        7.749999999999999e-05
    ],
    "n_eff": 2.2,
    "n_g": 4.4,
    "center_wavelength": 1.55e-06
}