{
    "eta": 0.996,
    "alpha": 52.96,
    "K": [
        0.3392373493558159,
        0.08773860707550685,
        0.06113189702927174,
        0.0775564946134974,
        0.07521157612138762,
        0.08964157149609331,
        0.4869653131229751
    ],
    "L": [
        5.495454545454545e-05,
        5.495454545454545e-05,
        5.495454545454545e-05,
        8.243181818181816e-05,
        8.243181818181816e-05,
        8.243181818181816e-05
    ],
    "n_eff": 2.2,
    "n_g": 4.4,
    "center_wavelength": 1.55e-06
}