{
    "eta": 0.996,
    "alpha": 52.96,
    "K": [
        0.5080866755635701,
        0.06710707696225365,
        0.03178551340385222,
        0.0359235073891751,
        0.0442927005178948,
        0.13223025429744817,
        0.42917845762866363
    ],
    "L": [
        5.495454545454545e-05,
        5.495454545454545e-05,
        5.495454545454545e-05,
        8.243181818181816e-05,
        8.243181818181816e-05,
        8.243181818181816e-05
    ],
    "n_eff": 2.2,
    "n_g": 4.4,
    "center_wavelength": 1.55e-06
}