{
    "eta": 0.996,
    "alpha": 52.96,
    "K": [
        0.18034088080305533,
        0.006170701518276443,
        0.0011237030173758544,
        0.3011896163133977,
        0.513496309851859,
        0.22720089030838325,
        0.3926809623468517
    ],
    "L": [
        6.2e-05,
        6.2e-05,
        7.749999999999999e-05,
        7.749999999999999e-05,
        7.749999999999999e-05,
        7.749999999999999e-05
    ],
    "n_eff": 2.2,
    "n_g": 4.4,
    "center_wavelength": 1.55e-06
}