{
    "eta": 0.996,
    "alpha": 52.96,
    "K": [
        0.6616084608395403,
        0.10393293273501575,
        0.03598552710588199,
        0.02828070337264016,
        0.08034612381000189,
        0.09273166310062764,
        0.5655072124985702
    ],
    "L": [
        5.495454545454545e-05,
        5.495454545454545e-05,
        5.495454545454545e-05,
        8.243181818181816e-05,
        8.243181818181816e-05,
        8.243181818181816e-05
    ],
    "n_eff": 2.2,
    "n_g": 4.4,
    "center_wavelength": 1.55e-06
}