{
    "n_g": 4.4,
    "n_eff": 2.2,
    "eta": 0.996,
    "alpha": 52.96,
    "center_wavelength": 1.55e-06,
    "length_of_3db_band": 1e-09,
    "max_crosstalk": -30,
    "H_p": -20,
    "H_s": -60,
    "H_i": -10,
    "r_max": 5,
    "weight": [
        1.0,
        3.5,
        1.0,
        5.0,
        3.5,
        1.0,
        1.0,
        0.5,
        0.5,
        0.5,
        0.5,
        0.5,
        0.5,
        0.5
    ],
    "format": false,
    "simulate_one_cycle": true,
    "name": "",
    "label": "",
    "skip_graph": true,
    "skip_evaluation": false,
    "ignore_binary_evaluation": true,
    "K": [
        0.6985397074429943,
        0.21130561975210183,
        0.12089417816569659,
        0.08152744683969604,
        0.05593601066829912,
        0.0885743858911956,
        0.1504046696994522,
        0.3168487015867734,
        0.7175629891090543,
        0.5177089679072303,
        0.2351548473568032,
        0.302035301980063,
        0.7407455478579339
    ],
    "L": [
        0.00013738636363636362,
        0.0001099090909090909,
        0.0001099090909090909,
        8.454545454545454e-05,
        8.454545454545454e-05,
        0.0001099090909090909,
        0.00013738636363636362,
        0.0001099090909090909,
        0.0001099090909090909,
        8.454545454545454e-05,
        0.00013738636363636362,
        8.454545454545454e-05
    ],
    "lambda_limit": []
}