{
    "eta": 0.996,
    "alpha": 52.96,
    "K": [
        0.3035915666753158,
        0.03510997934067135,
        0.032922837248507045,
        0.03882751836570696,
        0.05891311879167715,
        0.09090885779134984,
        0.5003446312678865
    ],
    "L": [
        5.495454545454545e-05,
        5.495454545454545e-05,
        5.495454545454545e-05,
        8.243181818181816e-05,
        8.243181818181816e-05,
        8.243181818181816e-05
    ],
    "n_eff": 2.2,
    "n_g": 4.4,
    "center_wavelength": 1.55e-06
}