{
    "eta": 0.996,
    "alpha": 52.96,
    "K": [
        0.35604304961980227,
        0.04935605980104274,
        0.0026170130685317927,
        0.06495428253378882,
        0.07128129540935407,
        0.1557832443637212,
        0.7558369273097922
    ],
    "L": [
        5.495454545454545e-05,
        5.495454545454545e-05,
        5.495454545454545e-05,
        8.243181818181816e-05,
        8.243181818181816e-05,
        8.243181818181816e-05
    ],
    "n_eff": 2.2,
    "n_g": 4.4,
    "center_wavelength": 1.55e-06
}