{
    "eta": 0.996,
    "alpha": 52.96,
    "K": [
        0.20762615643665341,
        0.053654928132573346,
        0.037424414360966,
        0.04855895095131812,
        0.06662986247932033,
        0.1776059096356462,
        0.738464634913088
    ],
    "L": [
        6.2e-05,
        6.2e-05,
        7.749999999999999e-05,
        7.749999999999999e-05,
        7.749999999999999e-05,
        7.749999999999999e-05
    ],
    "n_eff": 2.2,
    "n_g": 4.4,
    "center_wavelength": 1.55e-06
}