{
    "eta": 0.996,
    "alpha": 52.96,
    "K": [
        0.3425644875272536,
        0.053785760217967216,
        0.0015941850802833613,
        0.10114218007880355,
        0.06856368686132835,
        0.21404985728911424,
        0.9029191454502651
    ],
    "L": [
        6.2e-05,
        6.2e-05,
        7.749999999999999e-05,
        7.749999999999999e-05,
        7.749999999999999e-05,
        7.749999999999999e-05
    ],
    "n_eff": 2.2,
    "n_g": 4.4,
    "center_wavelength": 1.55e-06
}