{
    "eta": 0.996,
    "alpha": 52.96,
    "K": [
        0.6127899742002888,
        0.09206454881910746,
        0.031731467790214025,
        0.036273451725616544,
        0.05430401562078018,
        0.09611723599497549,
        0.28210233987153177
    ],
    "L": [
        5.495454545454545e-05,
        5.495454545454545e-05,
        5.495454545454545e-05,
        8.243181818181816e-05,
        8.243181818181816e-05,
        8.243181818181816e-05
    ],
    "n_eff": 2.2,
    "n_g": 4.4,
    "center_wavelength": 1.55e-06
}