{
    "eta": 0.996,
    "alpha": 52.96,
    "K": [
        0.3796556692300156,
        0.05533970699227925,
        0.061593491980821036,
        0.09881711890918099,
        0.09431499621605333,
        0.10959743547907747,
        0.3777573531660895
    ],
    "L": [
        5.495454545454545e-05,
        5.495454545454545e-05,
        5.495454545454545e-05,
        8.243181818181816e-05,
        8.243181818181816e-05,
        8.243181818181816e-05
    ],
    "n_eff": 2.2,
    "n_g": 4.4,
    "center_wavelength": 1.55e-06
}