{
    "eta": 0.996,
    "alpha": 52.96,
    "K": [
        0.37469706295567007,
        0.04124813278907263,
        0.026535922792875647,
        0.04026177364445624,
        0.06965995742353231,
        0.07788688988056486,
        0.43234095764306046
    ],
    "L": [
        5.495454545454545e-05,
        5.495454545454545e-05,
        5.495454545454545e-05,
        8.243181818181816e-05,
        8.243181818181816e-05,
        8.243181818181816e-05
    ],
    "n_eff": 2.2,
    "n_g": 4.4,
    "center_wavelength": 1.55e-06
}