{
    "eta": 0.996,
    "alpha": 52.96,
    "K": [
        0.5614951800463223,
        0.1351193899921042,
        0.06943536998487027,
        0.03944063909025641,
        0.06496414986338317,
        0.1157798998653708,
        0.49609410206331905
    ],
    "L": [
        5.495454545454545e-05,
        5.495454545454545e-05,
        5.495454545454545e-05,
        8.243181818181816e-05,
        8.243181818181816e-05,
        8.243181818181816e-05
    ],
    "n_eff": 2.2,
    "n_g": 4.4,
    "center_wavelength": 1.55e-06
}