{
    "eta": 0.996,
    "alpha": 52.96,
    "K": [
        0.381108095128659,
        0.005290480152100263,
        0.07164532550340336,
        0.041710909548163255,
        0.0679347631281737,
        0.14893983873073519,
        0.6928680776040774
    ],
    "L": [
        6.2e-05,
        6.2e-05,
        7.749999999999999e-05,
        7.749999999999999e-05,
        7.749999999999999e-05,
        7.749999999999999e-05
    ],
    "n_eff": 2.2,
    "n_g": 4.4,
    "center_wavelength": 1.55e-06
}