{
    "eta": 0.996,
    "alpha": 52.96,
    "K": [
        0.5442180989797634,
        0.04079496984733399,
        0.02053908294989937,
        0.08982930841749978,
        0.6424422885296898,
        0.4839726720119192,
        0.23866163261944617,
        0.5688633170421358,
        0.9141257330650877
    ],
    "L": [
        5.495454545454545e-05,
        5.495454545454545e-05,
        8.243181818181816e-05,
        8.243181818181816e-05,
        8.243181818181816e-05,
        8.243181818181816e-05,
        0.000494590909090909,
        0.000494590909090909
    ],
    "n_eff": 2.2,
    "n_g": 4.4,
    "center_wavelength": 1.55e-06
}