{
    "eta": 0.996,
    "alpha": 52.96,
    "K": [
        0.7426932555254235,
        0.0989956981193772,
        0.04074507231562163,
        0.054788250133932126,
        0.04949102728838822,
        0.08173538024174604,
        0.5157929920570661
    ],
    "L": [
        5.495454545454545e-05,
        5.495454545454545e-05,
        5.495454545454545e-05,
        8.243181818181816e-05,
        8.243181818181816e-05,
        8.243181818181816e-05
    ],
    "n_eff": 2.2,
    "n_g": 4.4,
    "center_wavelength": 1.55e-06
}