{
    "eta": 0.996,
    "alpha": 52.96,
    "K": [
        0.5265536673738646,
        0.1326449092307783,
        0.000962931259348751,
        0.037373601650193544,
        0.04878463648073211,
        0.1756119515906986,
        0.8489800620644065
    ],
    "L": [
        6.2e-05,
        6.2e-05,
        7.749999999999999e-05,
        7.749999999999999e-05,
        7.749999999999999e-05,
        7.749999999999999e-05
    ],
    "n_eff": 2.2,
    "n_g": 4.4,
    "center_wavelength": 1.55e-06
}