{
    "eta": 0.996,
    "alpha": 52.96,
    "K": [
        0.48169442867946577,
        0.14604493309208244,
        0.060396177144084406,
        0.08415157890546915,
        0.44506212686730345,
        0.9534337526814805,
        0.1894842925941983,
        0.04865536736919879,
        0.4102900623411173,
        0.5705932051347091,
        0.7184208876980481
    ],
    "L": [
        8.243181818181816e-05,
        8.243181818181816e-05,
        8.243181818181816e-05,
        8.243181818181816e-05,
        5.495454545454545e-05,
        5.495454545454545e-05,
        5.495454545454545e-05,
        5.495454545454545e-05,
        5.495454545454545e-05,
        5.495454545454545e-05
    ],
    "n_eff": 2.2,
    "n_g": 4.4,
    "center_wavelength": 1.55e-06
}