{
    "eta": 0.996,
    "alpha": 52.96,
    "K": [
        0.3177200105994188,
        0.08338776158834693,
        0.06570143159095948,
        0.08434457125201728,
        0.07855647248105146,
        0.0961638103254544,
        0.5112139264438313
    ],
    "L": [
        5.495454545454545e-05,
        5.495454545454545e-05,
        5.495454545454545e-05,
        8.243181818181816e-05,
        8.243181818181816e-05,
        8.243181818181816e-05
    ],
    "n_eff": 2.2,
    "n_g": 4.4,
    "center_wavelength": 1.55e-06
}