{
    "eta": 0.996,
    "alpha": 52.96,
    "K": [
        0.3809358302747542,
        0.06544948881357786,
        0.020236507159217598,
        0.046584950764637735,
        0.060742301386627964,
        0.09054263896916111,
        0.5499824649434341
    ],
    "L": [
        5.495454545454545e-05,
        5.495454545454545e-05,
        5.495454545454545e-05,
        8.243181818181816e-05,
        8.243181818181816e-05,
        8.243181818181816e-05
    ],
    "n_eff": 2.2,
    "n_g": 4.4,
    "center_wavelength": 1.55e-06
}