{
    "eta": 0.996,
    "alpha": 52.96,
    "K": [
        0.4554466111631383,
        0.0889744715534506,
        0.034569530252858825,
        0.06075346275567008,
        0.053553365042568725,
        0.08776260767139968,
        0.5502432325662221
    ],
    "L": [
        6.2e-05,
        6.2e-05,
        7.749999999999999e-05,
        7.749999999999999e-05,
        7.749999999999999e-05,
        7.749999999999999e-05
    ],
    "n_eff": 2.2,
    "n_g": 4.4,
    "center_wavelength": 1.55e-06
}