{
    "eta": 0.996,
    "alpha": 52.96,
    "K": [
        0.16283444267803182,
        0.03859442584795447,
        0.023655649131749223,
        0.04260870701262731,
        0.042659414223196246,
        0.10518774246606694,
        0.18959627686160174
    ],
    "L": [
        5.495454545454545e-05,
        5.495454545454545e-05,
        5.495454545454545e-05,
        8.243181818181816e-05,
        8.243181818181816e-05,
        8.243181818181816e-05
    ],
    "n_eff": 2.2,
    "n_g": 4.4,
    "center_wavelength": 1.55e-06
}