{
    "eta": 0.996,
    "alpha": 52.96,
    "K": [
        0.4372591070818303,
        0.07696023586375643,
        0.028358123485192895,
        0.06654616858480453,
        0.05263680200805006,
        0.09397520949453138,
        0.6003810616494535
    ],
    "L": [
        6.2e-05,
        6.2e-05,
        7.749999999999999e-05,
        7.749999999999999e-05,
        7.749999999999999e-05,
        7.749999999999999e-05
    ],
    "n_eff": 2.2,
    "n_g": 4.4,
    "center_wavelength": 1.55e-06
}