{
    "eta": 0.996,
    "alpha": 52.96,
    "K": [
        0.7949677143483175,
        0.1587580105517812,
        0.069864009304692,
        0.0912210167091579,
        0.09316038749728359,
        0.10910995671528545,
        0.0834969218677222,
        0.06360663730615729,
        0.09809896186967752,
        0.2550406756499223,
        0.7974506845234803
    ],
    "L": [
        8.243181818181816e-05,
        8.243181818181816e-05,
        8.243181818181816e-05,
        0.0001099090909090909,
        0.0001099090909090909,
        0.0001099090909090909,
        8.243181818181816e-05,
        8.243181818181816e-05,
        0.0001099090909090909,
        0.0001099090909090909
    ],
    "n_eff": 2.2,
    "n_g": 4.4,
    "center_wavelength": 1.55e-06
}