{
    "eta": 0.996,
    "alpha": 52.96,
    "K": [
        0.4243961856587777,
        0.05914079726132754,
        0.048199515190719966,
        0.05449717882560773,
        0.3106307239498685
    ],
    "L": [
        8.243181818181816e-05,
        8.243181818181816e-05,
        5.495454545454545e-05,
        5.495454545454545e-05
    ],
    "n_eff": 2.2,
    "n_g": 4.4,
    "center_wavelength": 1.55e-06
}