{
    "entropy": 5,
    "eta": 0.996,
    "alpha": 52.96,
    "n_eff": 2.2,
    "n_g": 4.4,
    "center_wavelength": 1.55e-06,
    "FSR": 2e-08,
    "length_of_3db_band": 1e-09,
    "min_ring_length": 5e-05,
    "max_crosstalk": -30,
    "H_p": -20,
    "H_s": -60,
    "H_i": -10,
    "r_max": 5,
    "weight": [
        1.0,
        3.5,
        1.0,
        5.0,
        3.5,
        1.0,
        1.0,
        0.5,
        0.5,
        0.5,
        0.5,
        0.5,
        0.5,
        0.5
    ],
    "K": [
        0.12395188629725941,
        0.030807624452130217,
        0.03493053701137464,
        0.02301971078881386,
        0.44123167392946
    ],
    "L": [
        2.7477272727272726e-05,
        0.0001099090909090909,
        2.7477272727272726e-05,
        2.7477272727272726e-05
    ],
    "lambda_limit": [],
    "name": "",
    "label": "",
    "format": false
}