{
    "eta": 0.996,
    "alpha": 52.96,
    "K": [
        0.2800197314895713,
        0.02922761861901993,
        0.03140673921280938,
        0.03954992969396212,
        0.062347528860694335,
        0.11405983071121117,
        0.5431196609514484
    ],
    "L": [
        5.495454545454545e-05,
        5.495454545454545e-05,
        5.495454545454545e-05,
        8.243181818181816e-05,
        8.243181818181816e-05,
        8.243181818181816e-05
    ],
    "n_eff": 2.2,
    "n_g": 4.4,
    "center_wavelength": 1.55e-06
}