{
    "eta": 0.996,
    "alpha": 52.96,
    "K": [
        0.25917936115680856,
        0.03299428908759771,
        0.0312928619350818,
        0.034114275158342276,
        0.07468469379507281,
        0.07284985367618627,
        0.34669667940903964
    ],
    "L": [
        5.495454545454545e-05,
        5.495454545454545e-05,
        5.495454545454545e-05,
        8.243181818181816e-05,
        8.243181818181816e-05,
        8.243181818181816e-05
    ],
    "n_eff": 2.2,
    "n_g": 4.4,
    "center_wavelength": 1.55e-06
}