{
    "eta": 0.996,
    "alpha": 52.96,
    "K": [
        0.6253836168393205,
        0.09676156439058123,
        0.03268805788101693,
        0.03671698926480604,
        0.05439202808178462,
        0.09512654377940628,
        0.2848236105040905
    ],
    "L": [
        5.495454545454545e-05,
        5.495454545454545e-05,
        5.495454545454545e-05,
        8.243181818181816e-05,
        8.243181818181816e-05,
        8.243181818181816e-05
    ],
    "n_eff": 2.2,
    "n_g": 4.4,
    "center_wavelength": 1.55e-06
}