{
    "eta": 0.996,
    "alpha": 52.96,
    "K": [
        0.3169691948788549,
        0.03971662467451448,
        0.03015172470352606,
        0.037586525336411825,
        0.06327070921881056,
        0.11668271758363902,
        0.630919204272184
    ],
    "L": [
        5.495454545454545e-05,
        5.495454545454545e-05,
        5.495454545454545e-05,
        8.243181818181816e-05,
        8.243181818181816e-05,
        8.243181818181816e-05
    ],
    "n_eff": 2.2,
    "n_g": 4.4,
    "center_wavelength": 1.55e-06
}