{
    "eta": 0.996,
    "alpha": 52.96,
    "K": [
        0.49180278241331477,
        0.06414793411938186,
        0.03554315391419016,
        0.033874073492295986,
        0.06452838267920519,
        0.14324736238722363,
        0.7142935154129136
    ],
    "L": [
        5.495454545454545e-05,
        5.495454545454545e-05,
        5.495454545454545e-05,
        8.243181818181816e-05,
        8.243181818181816e-05,
        8.243181818181816e-05
    ],
    "n_eff": 2.2,
    "n_g": 4.4,
    "center_wavelength": 1.55e-06
}