{
    "eta": 0.996,
    "alpha": 52.96,
    "K": [
        0.31800659265937126,
        0.011259655839480243,
        0.06089529734061133,
        0.01315344531741025,
        0.05463388084488635,
        0.0746054893591439,
        0.47109481191600416
    ],
    "L": [
        5.495454545454545e-05,
        5.495454545454545e-05,
        5.495454545454545e-05,
        8.243181818181816e-05,
        8.243181818181816e-05,
        8.243181818181816e-05
    ],
    "n_eff": 2.2,
    "n_g": 4.4,
    "center_wavelength": 1.55e-06
}