{
    "eta": 0.996,
    "alpha": 52.96,
    "K": [
        0.20772535930631436,
        0.05433601720108566,
        0.010170604337433664,
        0.05014131112183179,
        0.055914191877014685,
        0.08606428591021842,
        0.30888848034267935
    ],
    "L": [
        5.495454545454545e-05,
        5.495454545454545e-05,
        5.495454545454545e-05,
        8.243181818181816e-05,
        8.243181818181816e-05,
        8.243181818181816e-05
    ],
    "n_eff": 2.2,
    "n_g": 4.4,
    "center_wavelength": 1.55e-06
}