{
    "eta": 0.996,
    "alpha": 52.96,
    "K": [
        0.49807328885402286,
        0.09552929486333357,
        0.06468752044308969,
        0.06751535079088299,
        0.2461510896762777,
        0.6482896889545425,
        0.6505508504391727,
        0.2052573562941052,
        0.0959705761808769,
        0.2589029944996775,
        0.16494116431058994,
        0.10422318488664915,
        0.595342962138371
    ],
    "L": [
        8.243181818181816e-05,
        8.243181818181816e-05,
        8.243181818181816e-05,
        8.243181818181816e-05,
        0.00032972727272727266,
        0.00032972727272727266,
        0.00032972727272727266,
        5.495454545454545e-05,
        5.495454545454545e-05,
        5.495454545454545e-05,
        5.495454545454545e-05,
        5.495454545454545e-05
    ],
    "n_eff": 2.2,
    "n_g": 4.4,
    "center_wavelength": 1.55e-06
}