{
    "eta": 0.996,
    "alpha": 52.96,
    "K": [
        0.4304154367030194,
        0.08425515597217442,
        0.026964796444226113,
        0.04378465127565001,
        0.05956925142896752,
        0.09774842506260312,
        0.5572889872741466
    ],
    "L": [
        5.495454545454545e-05,
        5.495454545454545e-05,
        5.495454545454545e-05,
        8.243181818181816e-05,
        8.243181818181816e-05,
        8.243181818181816e-05
    ],
    "n_eff": 2.2,
    "n_g": 4.4,
    "center_wavelength": 1.55e-06
}