{
    "eta": 0.996,
    "alpha": 52.96,
    "K": [
        0.5922989486365866,
        0.22710377432472817,
        0.05101172208538908,
        0.06952636173151559,
        0.23679248608313463,
        0.10001059436045562,
        0.08847131730629118,
        0.0398294725093562,
        0.1801529630639671
    ],
    "L": [
        0.00016486363636363633,
        0.00016486363636363633,
        0.00013738636363636362,
        0.00013738636363636362,
        0.000494590909090909,
        0.000494590909090909,
        0.0008243181818181817,
        0.0002472954545454545
    ],
    "n_eff": 2.2,
    "n_g": 4.4,
    "center_wavelength": 1.55e-06
}