{
    "eta": 0.996,
    "alpha": 52.96,
    "K": [
        0.5874613507743472,
        0.09542562587082903,
        0.04077721281177432,
        0.03134996342688123,
        0.07507779498476602,
        0.09194018492643291,
        0.5732451612146928
    ],
    "L": [
        5.495454545454545e-05,
        5.495454545454545e-05,
        5.495454545454545e-05,
        8.243181818181816e-05,
        8.243181818181816e-05,
        8.243181818181816e-05
    ],
    "n_eff": 2.2,
    "n_g": 4.4,
    "center_wavelength": 1.55e-06
}