{
    "eta": 0.996,
    "alpha": 52.96,
    "K": [
        0.2985777352851884,
        0.03431515466878719,
        0.032782295611816246,
        0.03878875254242386,
        0.059196757901514616,
        0.0915752495208469,
        0.5008373159810229
    ],
    "L": [
        5.495454545454545e-05,
        5.495454545454545e-05,
        5.495454545454545e-05,
        8.243181818181816e-05,
        8.243181818181816e-05,
        8.243181818181816e-05
    ],
    "n_eff": 2.2,
    "n_g": 4.4,
    "center_wavelength": 1.55e-06
}