{
    "n_g": 4.4,
    "n_eff": 2.2,
    "eta": 0.996,
    "alpha": 52.96,
    "center_wavelength": 1.55e-06,
    "length_of_3db_band": 1e-09,
    "max_crosstalk": -30,
    "H_p": -20,
    "H_s": -60,
    "H_i": -10,
    "r_max": 5,
    "weight": [
        1.0,
        3.5,
        1.0,
        5.0,
        3.5,
        1.0,
        1.0,
        0.5,
        0.5,
        0.5,
        0.5,
        0.5,
        0.5,
        0.5
    ],
    "format": false,
    "simulate_one_cycle": true,
    "name": "",
    "label": "",
    "skip_graph": true,
    "skip_evaluation": false,
    "ignore_binary_evaluation": true,
    "K": [
        0.22768994992690672,
        0.04603255424135866,
        0.012034242761773228,
        0.060553623482844876,
        0.048668023062545585,
        0.6137173653065386,
        0.9663164141310632,
        0.17144090005379564,
        0.2576538559169866
    ],
    "L": [
        5.495454545454545e-05,
        5.495454545454545e-05,
        7.327272727272726e-05,
        5.495454545454545e-05,
        7.327272727272726e-05,
        5.495454545454545e-05,
        5.495454545454545e-05,
        7.327272727272726e-05
    ],
    "lambda_limit": []
}