{
    "eta": 0.996,
    "alpha": 52.96,
    "K": [
        0.1115562300738662,
        0.049430419790476424,
        0.03872518818678591,
        0.04860917375633127,
        0.06246894990383758,
        0.15638649656291204,
        0.7038455796564741
    ],
    "L": [
        6.2e-05,
        6.2e-05,
        7.749999999999999e-05,
        7.749999999999999e-05,
        7.749999999999999e-05,
        7.749999999999999e-05
    ],
    "n_eff": 2.2,
    "n_g": 4.4,
    "center_wavelength": 1.55e-06
}