{
    "eta": 0.996,
    "alpha": 52.96,
    "K": [
        0.45684917436235356,
        0.056121747553502466,
        0.027154497494837393,
        0.03625094197220924,
        0.053522343808105,
        0.10883239926518057,
        0.36302211216727615
    ],
    "L": [
        5.495454545454545e-05,
        5.495454545454545e-05,
        5.495454545454545e-05,
        8.243181818181816e-05,
        8.243181818181816e-05,
        8.243181818181816e-05
    ],
    "n_eff": 2.2,
    "n_g": 4.4,
    "center_wavelength": 1.55e-06
}