{
    "n_g": 4.4,
    "n_eff": 2.2,
    "eta": 0.996,
    "alpha": 52.96,
    "center_wavelength": 1.55e-06,
    "length_of_3db_band": 1e-09,
    "max_crosstalk": -30,
    "H_p": -20,
    "H_s": -60,
    "H_i": -10,
    "r_max": 5,
    "weight": [
        1.0,
        3.5,
        1.0,
        5.0,
        3.5,
        1.0,
        1.0,
        0.5,
        0.5,
        0.5,
        0.5,
        0.5,
        0.5,
        0.5
    ],
    "format": false,
    "simulate_one_cycle": true,
    "name": "",
    "label": "",
    "skip_graph": true,
    "skip_evaluation": false,
    "ignore_binary_evaluation": true,
    "K": [
        0.5426334499857682,
        0.07236532045714839,
        0.02988579490183252,
        0.03630025710537027,
        0.05558757070889031,
        0.09842775715963281,
        0.31207930630832215
    ],
    "L": [
        5.495454545454545e-05,
        5.495454545454545e-05,
        5.495454545454545e-05,
        8.243181818181816e-05,
        8.243181818181816e-05,
        8.243181818181816e-05
    ],
    "lambda_limit": []
}