{
    "eta": 0.996,
    "alpha": 52.96,
    "K": [
        0.5426334499857682,
        0.07236532045714839,
        0.02988579490183252,
        0.03630025710537027,
        0.05558757070889031,
        0.09842775715963281,
        0.31207930630832215
    ],
    "L": [
        5.495454545454545e-05,
        5.495454545454545e-05,
        5.495454545454545e-05,
        8.243181818181816e-05,
        8.243181818181816e-05,
        8.243181818181816e-05
    ],
    "n_eff": 2.2,
    "n_g": 4.4,
    "center_wavelength": 1.55e-06
}