{
    "eta": 0.996,
    "alpha": 52.96,
    "K": [
        0.5284998822769336,
        0.213874163706902,
        0.2751508783463841,
        0.18048710222605965,
        0.07934154004179764,
        0.03769713946348451,
        0.18863323055753406,
        0.5201964502624475,
        0.6671707531229916
    ],
    "L": [
        8.243181818181816e-05,
        0.00016486363636363633,
        0.00016486363636363633,
        0.00016486363636363633,
        5.495454545454545e-05,
        5.495454545454545e-05,
        0.00041215909090909085,
        0.00013738636363636362
    ],
    "n_eff": 2.2,
    "n_g": 4.4,
    "center_wavelength": 1.55e-06
}