{
    "eta": 0.996,
    "alpha": 52.96,
    "K": [
        0.2049509373192197,
        0.041347303761250676,
        0.016565457724251498,
        0.06124644030927101,
        0.04233184079692254,
        0.09373690775251858,
        0.255408164899824
    ],
    "L": [
        5.495454545454545e-05,
        5.495454545454545e-05,
        5.495454545454545e-05,
        8.243181818181816e-05,
        8.243181818181816e-05,
        8.243181818181816e-05
    ],
    "n_eff": 2.2,
    "n_g": 4.4,
    "center_wavelength": 1.55e-06
}