{
    "eta": 0.996,
    "alpha": 52.96,
    "K": [
        0.32422538819492225,
        0.035587220652540566,
        0.03789565192599891,
        0.09520334230293515,
        0.2830944618734406
    ],
    "L": [
        5.495454545454545e-05,
        5.495454545454545e-05,
        8.243181818181816e-05,
        8.243181818181816e-05
    ],
    "n_eff": 2.2,
    "n_g": 4.4,
    "center_wavelength": 1.55e-06
}