{
    "eta": 0.996,
    "alpha": 52.96,
    "K": [
        0.600014287404497,
        0.0832791153156891,
        0.030709958944024847,
        0.030206357002956527,
        0.08337649751705564,
        0.08155140437572025,
        0.5901423073010545
    ],
    "L": [
        5.495454545454545e-05,
        5.495454545454545e-05,
        5.495454545454545e-05,
        8.243181818181816e-05,
        8.243181818181816e-05,
        8.243181818181816e-05
    ],
    "n_eff": 2.2,
    "n_g": 4.4,
    "center_wavelength": 1.55e-06
}