{
    "eta": 0.996,
    "alpha": 52.96,
    "K": [
        0.4188434076276183,
        0.044366745755238,
        0.029319231801982298,
        0.04691525537162534,
        0.60870792460573,
        0.9949194899810332,
        0.22926784166123151,
        0.08862653077782641,
        0.368011517915604
    ],
    "L": [
        5.495454545454545e-05,
        5.495454545454545e-05,
        5.495454545454545e-05,
        5.495454545454545e-05,
        8.243181818181816e-05,
        5.495454545454545e-05,
        8.243181818181816e-05,
        8.243181818181816e-05
    ],
    "n_eff": 2.2,
    "n_g": 4.4,
    "center_wavelength": 1.55e-06
}