{
    "eta": 0.996,
    "alpha": 52.96,
    "K": [
        0.5061129525929164,
        0.055475449946876566,
        0.03154123473343183,
        0.05532418312531685,
        0.03381801193293125,
        0.11819138426611246,
        0.5029016865130281
    ],
    "L": [
        6.2e-05,
        6.2e-05,
        6.2e-05,
        7.749999999999999e-05,
        7.749999999999999e-05,
        7.749999999999999e-05
    ],
    "n_eff": 2.2,
    "n_g": 4.4,
    "center_wavelength": 1.55e-06
}