{
    "eta": 0.996,
    "alpha": 52.96,
    "K": [
        0.5014097139517757,
        0.054660959752086485,
        0.03165854916627038,
        0.05526148405083714,
        0.03360552880977151,
        0.11755990982235165,
        0.49842918762806937
    ],
    "L": [
        6.2e-05,
        6.2e-05,
        6.2e-05,
        7.749999999999999e-05,
        7.749999999999999e-05,
        7.749999999999999e-05
    ],
    "n_eff": 2.2,
    "n_g": 4.4,
    "center_wavelength": 1.55e-06
}