{
    "eta": 0.996,
    "alpha": 52.96,
    "K": [
        0.14843975414279365,
        0.09597155676599745,
        0.010491395898343525,
        0.032212862811081044,
        0.05903303549385558,
        0.18842877756443321,
        0.7687822962831993
    ],
    "L": [
        6.2e-05,
        6.2e-05,
        7.749999999999999e-05,
        7.749999999999999e-05,
        7.749999999999999e-05,
        7.749999999999999e-05
    ],
    "n_eff": 2.2,
    "n_g": 4.4,
    "center_wavelength": 1.55e-06
}