{
    "entropy": 5,
    "eta": 0.996,
    "alpha": 52.96,
    "n_eff": 2.2,
    "n_g": 4.4,
    "center_wavelength": 1.55e-06,
    "FSR": 2e-08,
    "length_of_3db_band": 1e-09,
    "min_ring_length": 5e-05,
    "max_crosstalk": -30,
    "H_p": -20,
    "H_s": -60,
    "H_i": -10,
    "r_max": 5,
    "weight": [
        1.0,
        3.5,
        1.0,
        5.0,
        3.5,
        1.0,
        1.0,
        0.5,
        0.5,
        0.5,
        0.5,
        0.5,
        0.5,
        0.5
    ],
    "K": [
        0.6834286812437697,
        0.10429971479861366,
        0.027508753195570446,
        0.06326282229492453,
        0.1909527775702753,
        0.15744775502672204,
        0.0669960516234468,
        0.05175707115365086,
        0.45571233427312696
    ],
    "L": [
        0.00013738636363636362,
        5.495454545454545e-05,
        5.495454545454545e-05,
        0.00013738636363636362,
        0.00013738636363636362,
        0.00013738636363636362,
        5.495454545454545e-05,
        5.495454545454545e-05
    ],
    "lambda_limit": [],
    "name": "",
    "label": "",
    "format": false
}