{
    "eta": 0.996,
    "alpha": 52.96,
    "K": [
        0.7709132893202653,
        0.2815161547894326,
        0.14952686706426366,
        0.11991835950193808,
        0.1244550310207439,
        0.09736672604715929,
        0.06952700273065077,
        0.11947192096322168,
        0.3907770701467452,
        0.5890927662780813,
        0.3965420826835467,
        0.42429026869875053,
        0.8655306687210695
    ],
    "L": [
        0.00013738636363636362,
        0.00013738636363636362,
        0.0001099090909090909,
        0.0001099090909090909,
        0.00013738636363636362,
        8.454545454545454e-05,
        8.454545454545454e-05,
        8.454545454545454e-05,
        8.454545454545454e-05,
        0.00013738636363636362,
        0.00013738636363636362,
        8.454545454545454e-05
    ],
    "n_eff": 2.2,
    "n_g": 4.4,
    "center_wavelength": 1.55e-06
}