{
    "n_g": 4.4,
    "n_eff": 2.2,
    "eta": 0.996,
    "alpha": 52.96,
    "center_wavelength": 1.55e-06,
    "length_of_3db_band": 1e-09,
    "max_crosstalk": -30,
    "H_p": -20,
    "H_s": -60,
    "H_i": -10,
    "r_max": 5,
    "weight": [
        1.0,
        3.5,
        1.0,
        5.0,
        3.5,
        1.0,
        1.0,
        0.5,
        0.5,
        0.5,
        0.5,
        0.5,
        0.5,
        0.5
    ],
    "format": false,
    "simulate_one_cycle": true,
    "name": "",
    "label": "",
    "skip_graph": true,
    "skip_evaluation": false,
    "ignore_binary_evaluation": true,
    "K": [
        0.3183674280197148,
        0.037061801684045624,
        0.1138435759463757,
        0.7710617990216474,
        0.5158133792582286,
        0.05908767561184392,
        0.047728582361975996,
        0.06197921948642702,
        0.3757237866089735
    ],
    "L": [
        5.495454545454545e-05,
        5.495454545454545e-05,
        5.495454545454545e-05,
        7.327272727272726e-05,
        5.495454545454545e-05,
        7.327272727272726e-05,
        7.327272727272726e-05,
        5.495454545454545e-05
    ],
    "lambda_limit": []
}