{
    "eta": 0.996,
    "alpha": 52.96,
    "K": [
        0.9179087073095766,
        0.12475889347533353,
        0.0346215198212933,
        0.03481103072235542,
        0.028058021900943586,
        0.046810222091903886,
        0.050549801648881565,
        0.14964098196838277,
        0.6702657783292142
    ],
    "L": [
        5.495454545454545e-05,
        5.495454545454545e-05,
        5.495454545454545e-05,
        5.495454545454545e-05,
        7.327272727272726e-05,
        7.327272727272726e-05,
        7.327272727272726e-05,
        7.327272727272726e-05
    ],
    "n_eff": 2.2,
    "n_g": 4.4,
    "center_wavelength": 1.55e-06
}