{
    "eta": 0.996,
    "alpha": 52.96,
    "K": [
        0.5042441581591286,
        0.05535768134589652,
        0.03173479447139067,
        0.0550454987386893,
        0.0338701330412554,
        0.11802028104600053,
        0.5011831513555385
    ],
    "L": [
        6.2e-05,
        6.2e-05,
        6.2e-05,
        7.749999999999999e-05,
        7.749999999999999e-05,
        7.749999999999999e-05
    ],
    "n_eff": 2.2,
    "n_g": 4.4,
    "center_wavelength": 1.55e-06
}