{
    "eta": 0.996,
    "alpha": 52.96,
    "K": [
        0.09915860413598368,
        0.0614041069670723,
        0.03545158921027349,
        0.04155047702612389,
        0.05284485978800341,
        0.13063150199835252,
        0.6620687891593725
    ],
    "L": [
        6.2e-05,
        6.2e-05,
        7.749999999999999e-05,
        7.749999999999999e-05,
        7.749999999999999e-05,
        7.749999999999999e-05
    ],
    "n_eff": 2.2,
    "n_g": 4.4,
    "center_wavelength": 1.55e-06
}