{
    "entropy": 5,
    "eta": 0.996,
    "alpha": 52.96,
    "n_eff": 2.2,
    "n_g": 4.4,
    "center_wavelength": 1.55e-06,
    "FSR": 2e-08,
    "length_of_3db_band": 1e-09,
    "min_ring_length": 5e-05,
    "max_crosstalk": -30,
    "H_p": -20,
    "H_s": -60,
    "H_i": -10,
    "r_max": 5,
    "weight": [
        1.0,
        3.5,
        1.0,
        5.0,
        3.5,
        1.0,
        1.0,
        0.5,
        0.5,
        0.5,
        0.5,
        0.5,
        0.5,
        0.5
    ],
    "K": [
        0.4758429091343752,
        0.19876998837488008,
        0.08866842618212406,
        0.09576678961742835,
        0.06365807796542916,
        0.06925987665866878,
        0.4508911561459127
    ],
    "L": [
        0.00013738636363636362,
        0.00013738636363636362,
        0.00013738636363636362,
        8.243181818181816e-05,
        8.243181818181816e-05,
        8.243181818181816e-05
    ],
    "lambda_limit": [],
    "name": "",
    "label": "",
    "format": false
}