{
    "eta": 0.996,
    "alpha": 52.96,
    "K": [
        0.4204498358391493,
        0.04764203341962814,
        0.030550526012132928,
        0.029786870959105205,
        0.07761142782325958,
        0.11503771022962961,
        0.6171527840524669
    ],
    "L": [
        5.495454545454545e-05,
        5.495454545454545e-05,
        5.495454545454545e-05,
        8.243181818181816e-05,
        8.243181818181816e-05,
        8.243181818181816e-05
    ],
    "n_eff": 2.2,
    "n_g": 4.4,
    "center_wavelength": 1.55e-06
}