{
    "eta": 0.996,
    "alpha": 52.96,
    "K": [
        0.2986239599865844,
        0.03431428339114111,
        0.03278251876844359,
        0.03879024730228362,
        0.05919515327295097,
        0.09157271173663721,
        0.5007906329785853
    ],
    "L": [
        5.495454545454545e-05,
        5.495454545454545e-05,
        5.495454545454545e-05,
        8.243181818181816e-05,
        8.243181818181816e-05,
        8.243181818181816e-05
    ],
    "n_eff": 2.2,
    "n_g": 4.4,
    "center_wavelength": 1.55e-06
}