{
    "n_g": 4.4,
    "n_eff": 2.2,
    "eta": 0.996,
    "alpha": 52.96,
    "center_wavelength": 1.55e-06,
    "length_of_3db_band": 1e-09,
    "max_crosstalk": -30,
    "H_p": -20,
    "H_s": -60,
    "H_i": -10,
    "r_max": 5,
    "weight": [
        1.0,
        3.5,
        1.0,
        5.0,
        3.5,
        1.0,
        1.0,
        0.5,
        0.5,
        0.5,
        0.5,
        0.5,
        0.5,
        0.5
    ],
    "format": false,
    "simulate_one_cycle": true,
    "name": "",
    "label": "",
    "skip_graph": true,
    "skip_evaluation": false,
    "ignore_binary_evaluation": true,
    "K": [
        0.4098023714386877,
        0.04703678064830297,
        0.03045209220788575,
        0.042626185898483215,
        0.059794163555061286,
        0.08291512210432433,
        0.45911726815877074
    ],
    "L": [
        5.495454545454545e-05,
        5.495454545454545e-05,
        5.495454545454545e-05,
        8.243181818181816e-05,
        8.243181818181816e-05,
        8.243181818181816e-05
    ],
    "lambda_limit": []
}