{
    "eta": 0.996,
    "alpha": 52.96,
    "K": [
        0.02549762481411949,
        0.043879875083057185,
        0.04125165177238593,
        0.05786036664609712,
        0.08486030727126986,
        0.2316411604196052,
        0.7931568702130438
    ],
    "L": [
        6.2e-05,
        6.2e-05,
        7.749999999999999e-05,
        7.749999999999999e-05,
        7.749999999999999e-05,
        7.749999999999999e-05
    ],
    "n_eff": 2.2,
    "n_g": 4.4,
    "center_wavelength": 1.55e-06
}