{
    "eta": 0.996,
    "alpha": 52.96,
    "K": [
        0.42076873998514264,
        0.06510670927165829,
        0.06827416600978048,
        0.10110518974932314,
        0.08700280519432102,
        0.10522422232005413,
        0.3554098729607411
    ],
    "L": [
        5.495454545454545e-05,
        5.495454545454545e-05,
        5.495454545454545e-05,
        8.243181818181816e-05,
        8.243181818181816e-05,
        8.243181818181816e-05
    ],
    "n_eff": 2.2,
    "n_g": 4.4,
    "center_wavelength": 1.55e-06
}