{
    "eta": 0.996,
    "alpha": 52.96,
    "K": [
        0.5978806466736059,
        0.08267547459273582,
        0.030590822850937133,
        0.03017868721671883,
        0.083478343713981,
        0.08174688263102421,
        0.5912692065850601
    ],
    "L": [
        5.495454545454545e-05,
        5.495454545454545e-05,
        5.495454545454545e-05,
        8.243181818181816e-05,
        8.243181818181816e-05,
        8.243181818181816e-05
    ],
    "n_eff": 2.2,
    "n_g": 4.4,
    "center_wavelength": 1.55e-06
}