{
    "eta": 0.996,
    "alpha": 52.96,
    "K": [
        0.298611817799041,
        0.03431449856574129,
        0.032782438938036965,
        0.03878986513165406,
        0.05919563141628217,
        0.09157348501125095,
        0.5008031504321001
    ],
    "L": [
        5.495454545454545e-05,
        5.495454545454545e-05,
        5.495454545454545e-05,
        8.243181818181816e-05,
        8.243181818181816e-05,
        8.243181818181816e-05
    ],
    "n_eff": 2.2,
    "n_g": 4.4,
    "center_wavelength": 1.55e-06
}