{
    "eta": 0.996,
    "alpha": 52.96,
    "K": [
        0.6165974792842167,
        0.09345370201932571,
        0.032007179276020474,
        0.03638500056618441,
        0.05430482053703264,
        0.09595858175924489,
        0.28370731000116833
    ],
    "L": [
        5.495454545454545e-05,
        5.495454545454545e-05,
        5.495454545454545e-05,
        8.243181818181816e-05,
        8.243181818181816e-05,
        8.243181818181816e-05
    ],
    "n_eff": 2.2,
    "n_g": 4.4,
    "center_wavelength": 1.55e-06
}