{
    "eta": 0.996,
    "alpha": 52.96,
    "K": [
        0.6658396169070586,
        0.1540409687115536,
        0.07509757987320287,
        0.05565548342017268,
        0.11432597675405237,
        0.44257389879198755,
        0.7121977853617063,
        0.309497325036447,
        0.23055711149794317,
        0.5876020679748224,
        0.5508681145533759,
        0.2116377051916168,
        0.13028527897491426,
        0.18235703329425745,
        0.6618077070777979
    ],
    "L": [
        8.243181818181816e-05,
        8.243181818181816e-05,
        8.243181818181816e-05,
        8.243181818181816e-05,
        0.0001099090909090909,
        0.0001099090909090909,
        8.243181818181816e-05,
        0.0001099090909090909,
        8.243181818181816e-05,
        8.243181818181816e-05,
        0.0001099090909090909,
        0.0001099090909090909,
        0.0001099090909090909,
        0.0001099090909090909
    ],
    "n_eff": 2.2,
    "n_g": 4.4,
    "center_wavelength": 1.55e-06
}