{
    "n_g": 4.4,
    "n_eff": 2.2,
    "eta": 0.996,
    "alpha": 52.96,
    "center_wavelength": 1.55e-06,
    "length_of_3db_band": 1e-09,
    "max_crosstalk": -30,
    "H_p": -20,
    "H_s": -60,
    "H_i": -10,
    "r_max": 5,
    "weight": [
        1.0,
        3.5,
        1.0,
        5.0,
        3.5,
        1.0,
        1.0,
        0.5,
        0.5,
        0.5,
        0.5,
        0.5,
        0.5,
        0.5
    ],
    "format": false,
    "simulate_one_cycle": true,
    "name": "",
    "label": "",
    "skip_graph": true,
    "skip_evaluation": false,
    "ignore_binary_evaluation": true,
    "K": [
        0.6604896702849262,
        0.20975629850468358,
        0.3060853255824173,
        0.568417076686913,
        0.2714164270458355,
        0.15390460364129754,
        0.15814951935220428,
        0.12787563214078995,
        0.6569413784393369,
        0.7603554237657061,
        0.2344986449305948,
        0.0795513646845819,
        0.09627600599836439,
        0.20798796852900597,
        0.7159382349944399
    ],
    "L": [
        0.0001099090909090909,
        0.0001099090909090909,
        0.0001099090909090909,
        0.0001099090909090909,
        0.0001099090909090909,
        0.0001099090909090909,
        0.0001099090909090909,
        8.243181818181816e-05,
        8.243181818181816e-05,
        8.243181818181816e-05,
        8.243181818181816e-05,
        8.243181818181816e-05,
        8.243181818181816e-05,
        8.243181818181816e-05
    ],
    "lambda_limit": []
}