{
    "eta": 0.996,
    "alpha": 52.96,
    "K": [
        0.3716417232472473,
        0.017290441784985455,
        0.053145931958770265,
        0.3236036036769422,
        0.2474820164083541,
        0.9293027783407982,
        0.7439879399097385,
        0.032907838390978994,
        0.11301522856629537,
        0.14212858929477945,
        0.6289920951127447
    ],
    "L": [
        0.00013738636363636362,
        0.00013738636363636362,
        8.243181818181816e-05,
        8.243181818181816e-05,
        8.243181818181816e-05,
        8.243181818181816e-05,
        8.243181818181816e-05,
        0.0002472954545454545,
        0.0002472954545454545,
        0.0002472954545454545
    ],
    "n_eff": 2.2,
    "n_g": 4.4,
    "center_wavelength": 1.55e-06
}