{
    "eta": 0.996,
    "alpha": 52.96,
    "K": [
        0.44583499489063205,
        0.07002962798804516,
        0.09337748041160158,
        0.12640338788428615,
        0.0627495927325278,
        0.07399097219270538,
        0.25554294188169263,
        0.8443827551476202,
        0.9959964463263296
    ],
    "L": [
        8.243181818181816e-05,
        8.243181818181816e-05,
        0.00013738636363636362,
        8.243181818181816e-05,
        8.243181818181816e-05,
        8.243181818181816e-05,
        0.00013738636363636362,
        8.243181818181816e-05
    ],
    "n_eff": 2.2,
    "n_g": 4.4,
    "center_wavelength": 1.55e-06
}