{
    "eta": 0.996,
    "alpha": 52.96,
    "K": [
        0.5036353499450442,
        0.05675597364540314,
        0.04127714774686724,
        0.06644870224556415,
        0.036476649078988246,
        0.12029916338038132,
        0.5092605883769157
    ],
    "L": [
        6.2e-05,
        6.2e-05,
        7.749999999999999e-05,
        7.749999999999999e-05,
        7.749999999999999e-05,
        7.749999999999999e-05
    ],
    "n_eff": 2.2,
    "n_g": 4.4,
    "center_wavelength": 1.55e-06
}