{
    "eta": 0.996,
    "alpha": 52.96,
    "K": [
        0.9823414094141865,
        0.39928168245774365,
        0.09261505372165814,
        0.06249640007206329,
        0.0534443006392569,
        0.08966815892219263,
        0.12165556791921368,
        0.13134711264979723,
        0.5300497781894955
    ],
    "L": [
        8.243181818181816e-05,
        8.243181818181816e-05,
        8.243181818181816e-05,
        8.243181818181816e-05,
        8.243181818181816e-05,
        0.0001099090909090909,
        0.0001099090909090909,
        0.0001099090909090909
    ],
    "n_eff": 2.2,
    "n_g": 4.4,
    "center_wavelength": 1.55e-06
}