{
    "eta": 0.996,
    "alpha": 52.96,
    "K": [
        0.11285811642410032,
        0.04865322759636646,
        0.03881169852191988,
        0.04927624471315597,
        0.06394721710583566,
        0.16147070681450662,
        0.7118732503181596
    ],
    "L": [
        6.2e-05,
        6.2e-05,
        7.749999999999999e-05,
        7.749999999999999e-05,
        7.749999999999999e-05,
        7.749999999999999e-05
    ],
    "n_eff": 2.2,
    "n_g": 4.4,
    "center_wavelength": 1.55e-06
}