{
    "eta": 0.996,
    "alpha": 52.96,
    "K": [
        0.6377774266799652,
        0.10955397974395645,
        0.05135937264092527,
        0.04828472148925757,
        0.0478223175922542,
        0.08547227332602875,
        0.26989159238210186
    ],
    "L": [
        6.2e-05,
        6.2e-05,
        7.749999999999999e-05,
        7.749999999999999e-05,
        7.749999999999999e-05,
        7.749999999999999e-05
    ],
    "n_eff": 2.2,
    "n_g": 4.4,
    "center_wavelength": 1.55e-06
}