{
    "eta": 0.996,
    "alpha": 52.96,
    "K": [
        0.3715105264159218,
        0.12162360381309176,
        0.046737254672924416,
        1.0000010462418604e-12,
        0.05934949178824507,
        0.030371445573278606,
        0.6074306511883313
    ],
    "L": [
        5.495454545454545e-05,
        5.495454545454545e-05,
        5.495454545454545e-05,
        8.243181818181816e-05,
        8.243181818181816e-05,
        8.243181818181816e-05
    ],
    "n_eff": 2.2,
    "n_g": 4.4,
    "center_wavelength": 1.55e-06
}