{
    "eta": 0.996,
    "alpha": 52.96,
    "K": [
        0.22953506467339604,
        0.047788658016687,
        0.022218669730708514,
        0.03300216981109769,
        0.4049865367453861
    ],
    "L": [
        8.243181818181816e-05,
        8.243181818181816e-05,
        5.495454545454545e-05,
        5.495454545454545e-05
    ],
    "n_eff": 2.2,
    "n_g": 4.4,
    "center_wavelength": 1.55e-06
}