{
    "eta": 0.996,
    "alpha": 52.96,
    "K": [
        0.3392716247160897,
        0.040718186933317684,
        0.031023260262753632,
        0.13823618337548965,
        0.6538989414581794,
        0.27570481927348495,
        0.06839742745869368,
        0.08663048171435028,
        0.4847362934899529
    ],
    "L": [
        5.495454545454545e-05,
        5.495454545454545e-05,
        5.495454545454545e-05,
        0.00032972727272727266,
        0.00032972727272727266,
        8.243181818181816e-05,
        8.243181818181816e-05,
        8.243181818181816e-05
    ],
    "n_eff": 2.2,
    "n_g": 4.4,
    "center_wavelength": 1.55e-06
}