{
    "eta": 0.996,
    "alpha": 52.96,
    "K": [
        0.6160896568816404,
        0.09327941604839039,
        0.031970089614700735,
        0.03635271397381839,
        0.05427709889681567,
        0.09612546152925462,
        0.28433305053502766
    ],
    "L": [
        5.495454545454545e-05,
        5.495454545454545e-05,
        5.495454545454545e-05,
        8.243181818181816e-05,
        8.243181818181816e-05,
        8.243181818181816e-05
    ],
    "n_eff": 2.2,
    "n_g": 4.4,
    "center_wavelength": 1.55e-06
}