{
    "eta": 0.996,
    "alpha": 52.96,
    "K": [
        0.30445519217966155,
        0.045897088426082644,
        0.002901451645769965,
        0.1353867879295311,
        0.021543399218593686,
        0.06375528599769228,
        0.6227451241849347
    ],
    "L": [
        6.2e-05,
        6.2e-05,
        7.749999999999999e-05,
        7.749999999999999e-05,
        7.749999999999999e-05,
        7.749999999999999e-05
    ],
    "n_eff": 2.2,
    "n_g": 4.4,
    "center_wavelength": 1.55e-06
}