{
    "eta": 0.996,
    "alpha": 52.96,
    "K": [
        0.8352615321930238,
        0.5780298333232494,
        0.4185014420336322,
        0.4933236282331303,
        0.47044156959276084,
        0.5540216026448582,
        0.8004843457732451,
        0.8614943730876011,
        0.9319981234218119
    ],
    "L": [
        0.0002198181818181818,
        0.0002472954545454545,
        0.0002472954545454545,
        0.0002472954545454545,
        0.0002472954545454545,
        0.0002472954545454545,
        0.000494590909090909,
        0.0002472954545454545
    ],
    "n_eff": 2.2,
    "n_g": 4.4,
    "center_wavelength": 1.55e-06
}