{
    "eta": 0.996,
    "alpha": 52.96,
    "K": [
        0.7120786332566235,
        0.08055653365869533,
        0.031927058628080714,
        0.08740651418363658,
        0.21185564488793307,
        0.09102175282915144,
        0.08003539653646742,
        0.15744968048174185,
        0.44659195019677544
    ],
    "L": [
        0.00038468181818181814,
        0.00038468181818181814,
        0.00041215909090909085,
        0.0005770227272727272,
        0.00038468181818181814,
        0.00038468181818181814,
        0.0009617045454545454,
        0.0009617045454545454
    ],
    "n_eff": 2.2,
    "n_g": 4.4,
    "center_wavelength": 1.55e-06
}