{
    "eta": 0.996,
    "alpha": 52.96,
    "K": [
        0.3817005020727233,
        0.04407025924903282,
        0.026532503493685716,
        0.03911144772073739,
        0.07227689076344926,
        0.07239523059724368,
        0.3957003292557015
    ],
    "L": [
        5.495454545454545e-05,
        5.495454545454545e-05,
        5.495454545454545e-05,
        8.243181818181816e-05,
        8.243181818181816e-05,
        8.243181818181816e-05
    ],
    "n_eff": 2.2,
    "n_g": 4.4,
    "center_wavelength": 1.55e-06
}