{
    "eta": 0.996,
    "alpha": 52.96,
    "K": [
        0.4219535235607847,
        0.06364846082457218,
        0.017235484156127814,
        0.05004584687134447,
        0.0586996265398629,
        0.11149707075451933,
        0.6405304256157472
    ],
    "L": [
        5.495454545454545e-05,
        5.495454545454545e-05,
        5.495454545454545e-05,
        8.243181818181816e-05,
        8.243181818181816e-05,
        8.243181818181816e-05
    ],
    "n_eff": 2.2,
    "n_g": 4.4,
    "center_wavelength": 1.55e-06
}