{
    "eta": 0.996,
    "alpha": 52.96,
    "K": [
        0.23966757774249475,
        0.046266245795526295,
        0.021771062056785084,
        0.04353042105783517,
        0.037532839350142067,
        0.11333063397760573,
        0.19568211079366088
    ],
    "L": [
        5.495454545454545e-05,
        5.495454545454545e-05,
        5.495454545454545e-05,
        8.243181818181816e-05,
        8.243181818181816e-05,
        8.243181818181816e-05
    ],
    "n_eff": 2.2,
    "n_g": 4.4,
    "center_wavelength": 1.55e-06
}