{
    "eta": 0.996,
    "alpha": 52.96,
    "K": [
        0.6160952549926613,
        0.09328111408304875,
        0.03197031794795689,
        0.036352852581332945,
        0.05427725978821936,
        0.09612462113740038,
        0.2843285708579728
    ],
    "L": [
        5.495454545454545e-05,
        5.495454545454545e-05,
        5.495454545454545e-05,
        8.243181818181816e-05,
        8.243181818181816e-05,
        8.243181818181816e-05
    ],
    "n_eff": 2.2,
    "n_g": 4.4,
    "center_wavelength": 1.55e-06
}