{
    "n_g": 4.4,
    "n_eff": 2.2,
    "eta": 0.996,
    "alpha": 52.96,
    "center_wavelength": 1.55e-06,
    "length_of_3db_band": 1e-09,
    "max_crosstalk": -30,
    "H_p": -20,
    "H_s": -60,
    "H_i": -10,
    "r_max": 5,
    "weight": [
        1.0,
        3.5,
        1.0,
        5.0,
        3.5,
        1.0,
        1.0,
        0.5,
        0.5,
        0.5,
        0.5,
        0.5,
        0.5,
        0.5
    ],
    "format": false,
    "simulate_one_cycle": true,
    "name": "",
    "label": "",
    "skip_graph": true,
    "skip_evaluation": false,
    "ignore_binary_evaluation": true,
    "K": [
        0.6136181786272458,
        0.12205473220624961,
        0.06733509302244131,
        0.06719123008968399,
        0.23655107372694234,
        0.6666681870750873,
        0.7058767213736415,
        0.6642100723579131,
        0.2054306360593089,
        0.20585308933792926,
        0.5952956238640629,
        0.17601766182495546,
        0.060562553629596075,
        0.25128164663085434,
        0.8845378308760291
    ],
    "L": [
        8.243181818181816e-05,
        8.243181818181816e-05,
        8.243181818181816e-05,
        8.243181818181816e-05,
        0.00032972727272727266,
        0.00032972727272727266,
        0.00032972727272727266,
        0.00032972727272727266,
        5.495454545454545e-05,
        5.495454545454545e-05,
        5.495454545454545e-05,
        5.495454545454545e-05,
        5.495454545454545e-05,
        5.495454545454545e-05
    ],
    "lambda_limit": []
}