{
    "eta": 0.996,
    "alpha": 52.96,
    "K": [
        0.6136181786272458,
        0.12205473220624961,
        0.06733509302244131,
        0.06719123008968399,
        0.23655107372694234,
        0.6666681870750873,
        0.7058767213736415,
        0.6642100723579131,
        0.2054306360593089,
        0.20585308933792926,
        0.5952956238640629,
        0.17601766182495546,
        0.060562553629596075,
        0.25128164663085434,
        0.8845378308760291
    ],
    "L": [
        8.243181818181816e-05,
        8.243181818181816e-05,
        8.243181818181816e-05,
        8.243181818181816e-05,
        0.00032972727272727266,
        0.00032972727272727266,
        0.00032972727272727266,
        0.00032972727272727266,
        5.495454545454545e-05,
        5.495454545454545e-05,
        5.495454545454545e-05,
        5.495454545454545e-05,
        5.495454545454545e-05,
        5.495454545454545e-05
    ],
    "n_eff": 2.2,
    "n_g": 4.4,
    "center_wavelength": 1.55e-06
}