{
    "eta": 0.996,
    "alpha": 52.96,
    "K": [
        0.2589682657300976,
        0.004065617248882547,
        0.0775303654288031,
        0.05508409828064659,
        0.0544134197278891,
        0.05556194485863991,
        0.4915143120772061
    ],
    "L": [
        6.2e-05,
        6.2e-05,
        7.749999999999999e-05,
        7.749999999999999e-05,
        7.749999999999999e-05,
        7.749999999999999e-05
    ],
    "n_eff": 2.2,
    "n_g": 4.4,
    "center_wavelength": 1.55e-06
}