{
    "eta": 0.996,
    "alpha": 52.96,
    "K": [
        0.22223935424427818,
        0.016246868172643602,
        0.05759763923907891,
        0.1415230827150529,
        0.020236227570273543,
        0.03014150951986851,
        0.7922018630982953,
        0.37151252976773746,
        0.20527372237046632
    ],
    "L": [
        0.00030224999999999995,
        0.00013738636363636362,
        0.00013738636363636362,
        0.00030224999999999995,
        0.00013738636363636362,
        0.00013738636363636362,
        0.00013738636363636362,
        0.00030224999999999995
    ],
    "n_eff": 2.2,
    "n_g": 4.4,
    "center_wavelength": 1.55e-06
}