{
    "eta": 0.996,
    "alpha": 52.96,
    "K": [
        0.616137738121332,
        0.09329958672945225,
        0.031975511498820504,
        0.036356281901974576,
        0.05427845751329849,
        0.09611396912514682,
        0.2843321137318159
    ],
    "L": [
        5.495454545454545e-05,
        5.495454545454545e-05,
        5.495454545454545e-05,
        8.243181818181816e-05,
        8.243181818181816e-05,
        8.243181818181816e-05
    ],
    "n_eff": 2.2,
    "n_g": 4.4,
    "center_wavelength": 1.55e-06
}