{
    "eta": 0.996,
    "alpha": 52.96,
    "K": [
        0.5344742089112651,
        0.03840111429321674,
        0.0021360186486875654,
        0.1203692815019557,
        0.0266144532992304,
        0.11374523827370753,
        0.4813806059354079
    ],
    "L": [
        6.2e-05,
        6.2e-05,
        7.749999999999999e-05,
        7.749999999999999e-05,
        7.749999999999999e-05,
        7.749999999999999e-05
    ],
    "n_eff": 2.2,
    "n_g": 4.4,
    "center_wavelength": 1.55e-06
}