{
    "n_g": 4.4,
    "n_eff": 2.2,
    "eta": 0.996,
    "alpha": 52.96,
    "center_wavelength": 1.55e-06,
    "length_of_3db_band": 1e-09,
    "max_crosstalk": -30,
    "H_p": -20,
    "H_s": -60,
    "H_i": -10,
    "r_max": 5,
    "weight": [
        1.0,
        3.5,
        1.0,
        5.0,
        3.5,
        1.0,
        1.0,
        0.5,
        0.5,
        0.5,
        0.5,
        0.5,
        0.5,
        0.5
    ],
    "format": false,
    "simulate_one_cycle": true,
    "name": "",
    "label": "",
    "skip_graph": true,
    "skip_evaluation": false,
    "ignore_binary_evaluation": true,
    "K": [
        0.6517234452476014,
        0.2014641914065048,
        0.24618484496325288,
        0.304107407771785,
        0.10706686444943353,
        0.07337157612053735,
        0.14305257099214352,
        0.07359213716053642,
        0.03453638274988796,
        0.07638096074057865,
        0.5287826324273894
    ],
    "L": [
        5.495454545454545e-05,
        5.495454545454545e-05,
        5.495454545454545e-05,
        0.00013738636363636362,
        5.495454545454545e-05,
        0.00013738636363636362,
        0.00013738636363636362,
        5.495454545454545e-05,
        5.495454545454545e-05,
        0.00013738636363636362
    ],
    "lambda_limit": []
}