{
    "n_g": 4.4,
    "n_eff": 2.2,
    "eta": 0.996,
    "alpha": 52.96,
    "center_wavelength": 1.55e-06,
    "length_of_3db_band": 1e-09,
    "max_crosstalk": -30,
    "H_p": -20,
    "H_s": -60,
    "H_i": -10,
    "r_max": 5,
    "weight": [
        1.0,
        3.5,
        1.0,
        5.0,
        3.5,
        1.0,
        1.0,
        0.5,
        0.5,
        0.5,
        0.5,
        0.5,
        0.5,
        0.5
    ],
    "format": false,
    "simulate_one_cycle": true,
    "name": "",
    "label": "",
    "skip_graph": true,
    "skip_evaluation": false,
    "ignore_binary_evaluation": true,
    "K": [
        0.5178462129545763,
        0.19245027578004453,
        0.9366834003941855,
        0.9163379508023126,
        0.1419931815358932,
        0.25712217029351203,
        0.1403192549372551,
        0.03457780323108256,
        0.17822054786682767
    ],
    "L": [
        8.243181818181816e-05,
        5.495454545454545e-05,
        8.243181818181816e-05,
        5.495454545454545e-05,
        8.243181818181816e-05,
        0.00032972727272727266,
        5.495454545454545e-05,
        5.495454545454545e-05
    ],
    "lambda_limit": []
}