{
    "eta": 0.996,
    "alpha": 52.96,
    "K": [
        0.34269393715719526,
        0.09640207491759835,
        0.05951301067955426,
        0.0840139315911725,
        0.0703942962678958,
        0.08722961136742215,
        0.5291596671564639
    ],
    "L": [
        5.495454545454545e-05,
        5.495454545454545e-05,
        5.495454545454545e-05,
        8.243181818181816e-05,
        8.243181818181816e-05,
        8.243181818181816e-05
    ],
    "n_eff": 2.2,
    "n_g": 4.4,
    "center_wavelength": 1.55e-06
}