{
    "eta": 0.996,
    "alpha": 52.96,
    "K": [
        0.775720622203641,
        0.3347168032689481,
        0.2621295627709887,
        0.2519325892412809,
        0.2485040288282907,
        0.28141256449881147,
        0.2495746212575303,
        0.26082964719687357,
        0.28874862429573434,
        0.39295448825488033,
        0.7124374169040222
    ],
    "L": [
        0.00019234090909090907,
        0.00016486363636363633,
        0.00019234090909090907,
        0.00016486363636363633,
        0.00019234090909090907,
        0.00019234090909090907,
        0.00016486363636363633,
        0.00019234090909090907,
        0.00019234090909090907,
        0.00016486363636363633
    ],
    "n_eff": 2.2,
    "n_g": 4.4,
    "center_wavelength": 1.55e-06
}