{
    "eta": 0.996,
    "alpha": 52.96,
    "K": [
        0.601380544053554,
        0.05673677080806255,
        0.03107501827568132,
        0.039307000499665956,
        0.09284942243360572,
        0.012881778318705517,
        0.5826020952244291
    ],
    "L": [
        5.495454545454545e-05,
        5.495454545454545e-05,
        5.495454545454545e-05,
        8.243181818181816e-05,
        8.243181818181816e-05,
        8.243181818181816e-05
    ],
    "n_eff": 2.2,
    "n_g": 4.4,
    "center_wavelength": 1.55e-06
}