{
    "n_g": 4.4,
    "n_eff": 2.2,
    "eta": 0.996,
    "alpha": 52.96,
    "center_wavelength": 1.55e-06,
    "length_of_3db_band": 1e-09,
    "max_crosstalk": -30,
    "H_p": -20,
    "H_s": -60,
    "H_i": -10,
    "r_max": 5,
    "weight": [
        1.0,
        3.5,
        1.0,
        5.0,
        3.5,
        1.0,
        1.0,
        0.5,
        0.5,
        0.5,
        0.5,
        0.5,
        0.5,
        0.5
    ],
    "format": false,
    "simulate_one_cycle": true,
    "name": "",
    "label": "",
    "skip_graph": true,
    "skip_evaluation": false,
    "ignore_binary_evaluation": true,
    "K": [
        0.48839670186018286,
        0.08643567026722095,
        0.06082400473413855,
        0.09371395211041518,
        0.1106639219508495,
        0.1067429048841163,
        0.19307896697267052,
        0.3035812872476382,
        0.31762201438701443,
        0.2508113641395093,
        0.6093914010596287
    ],
    "L": [
        8.243181818181816e-05,
        8.243181818181816e-05,
        8.243181818181816e-05,
        0.0001099090909090909,
        0.0001099090909090909,
        0.0001099090909090909,
        8.243181818181816e-05,
        8.243181818181816e-05,
        0.0001099090909090909,
        0.0001099090909090909
    ],
    "lambda_limit": []
}