{
    "eta": 0.996,
    "alpha": 52.96,
    "K": [
        0.5394728161917285,
        0.09350344722926573,
        0.05964396838301017,
        0.08902291593429291,
        0.12005300967125124,
        0.11211300992662304,
        0.18200093640055237,
        0.21732279963253842,
        0.2103513554469994,
        0.23316889808190935,
        0.5433433113768414
    ],
    "L": [
        8.243181818181816e-05,
        8.243181818181816e-05,
        8.243181818181816e-05,
        0.0001099090909090909,
        0.0001099090909090909,
        0.0001099090909090909,
        8.243181818181816e-05,
        8.243181818181816e-05,
        0.0001099090909090909,
        0.0001099090909090909
    ],
    "n_eff": 2.2,
    "n_g": 4.4,
    "center_wavelength": 1.55e-06
}