{
    "eta": 0.996,
    "alpha": 52.96,
    "K": [
        0.42107999079401515,
        0.07252902882155426,
        0.048274497010866946,
        0.045531924363475584,
        0.05273694120925826,
        0.08358111970012377,
        0.2287384485219306,
        0.1568252299689027,
        0.4417495590584411
    ],
    "L": [
        5.495454545454545e-05,
        7.327272727272726e-05,
        7.327272727272726e-05,
        7.327272727272726e-05,
        5.495454545454545e-05,
        5.495454545454545e-05,
        5.495454545454545e-05,
        5.495454545454545e-05
    ],
    "n_eff": 2.2,
    "n_g": 4.4,
    "center_wavelength": 1.55e-06
}