{
    "eta": 0.996,
    "alpha": 52.96,
    "K": [
        0.9473562721524604,
        0.7974141547349958,
        0.9574033204162158,
        0.7267734733904404,
        0.5513803259113206,
        0.5679706751824902,
        0.34915211766352594,
        0.35017481321949956,
        0.47131366501721306,
        0.5154000608980129,
        0.8050711623028672
    ],
    "L": [
        0.00016486363636363633,
        0.00030224999999999995,
        0.00030224999999999995,
        0.00016486363636363633,
        0.00016486363636363633,
        0.00030224999999999995,
        0.00016486363636363633,
        0.00030224999999999995,
        0.00016486363636363633,
        0.00030224999999999995
    ],
    "n_eff": 2.2,
    "n_g": 4.4,
    "center_wavelength": 1.55e-06
}