{
    "eta": 0.996,
    "alpha": 52.96,
    "K": [
        0.28417987282917534,
        0.032897528593679,
        0.03286841011802503,
        0.03782718756788109,
        0.05989358749991751,
        0.09599554779877441,
        0.5063657051826891
    ],
    "L": [
        5.495454545454545e-05,
        5.495454545454545e-05,
        5.495454545454545e-05,
        8.243181818181816e-05,
        8.243181818181816e-05,
        8.243181818181816e-05
    ],
    "n_eff": 2.2,
    "n_g": 4.4,
    "center_wavelength": 1.55e-06
}