{
    "eta": 0.996,
    "alpha": 52.96,
    "K": [
        0.34808100484767157,
        0.06320582948953375,
        0.07471978643442781,
        0.3025904476420227,
        0.3921976212869606,
        0.10158442417861817,
        0.38843640403122226
    ],
    "L": [
        5.495454545454545e-05,
        5.495454545454545e-05,
        5.495454545454545e-05,
        8.243181818181816e-05,
        8.243181818181816e-05,
        8.243181818181816e-05
    ],
    "n_eff": 2.2,
    "n_g": 4.4,
    "center_wavelength": 1.55e-06
}