{
    "eta": 0.996,
    "alpha": 52.96,
    "K": [
        0.28411390663111974,
        0.03289944542020341,
        0.03286398692771244,
        0.03782707616979557,
        0.05990099767458132,
        0.09599999123529356,
        0.5064576174768731
    ],
    "L": [
        5.495454545454545e-05,
        5.495454545454545e-05,
        5.495454545454545e-05,
        8.243181818181816e-05,
        8.243181818181816e-05,
        8.243181818181816e-05
    ],
    "n_eff": 2.2,
    "n_g": 4.4,
    "center_wavelength": 1.55e-06
}