{
    "eta": 0.996,
    "alpha": 52.96,
    "K": [
        0.5012584484017838,
        0.05464882017325962,
        0.03167068782514666,
        0.055241826730405307,
        0.03361128190443001,
        0.11755467038017506,
        0.4983200025346335
    ],
    "L": [
        6.2e-05,
        6.2e-05,
        6.2e-05,
        7.749999999999999e-05,
        7.749999999999999e-05,
        7.749999999999999e-05
    ],
    "n_eff": 2.2,
    "n_g": 4.4,
    "center_wavelength": 1.55e-06
}