{
    "eta": 0.996,
    "alpha": 52.96,
    "K": [
        0.33115976827563215,
        0.06683801178796156,
        0.004069985554529532,
        0.07349883363865467,
        0.07106499979927244,
        0.09385787802878265,
        0.5821673079005888
    ],
    "L": [
        6.2e-05,
        6.2e-05,
        7.749999999999999e-05,
        7.749999999999999e-05,
        7.749999999999999e-05,
        7.749999999999999e-05
    ],
    "n_eff": 2.2,
    "n_g": 4.4,
    "center_wavelength": 1.55e-06
}