{
    "n_g": 4.4,
    "n_eff": 2.2,
    "eta": 0.996,
    "alpha": 52.96,
    "center_wavelength": 1.55e-06,
    "length_of_3db_band": 1e-09,
    "max_crosstalk": -30,
    "H_p": -20,
    "H_s": -60,
    "H_i": -10,
    "r_max": 5,
    "weight": [
        1.0,
        3.5,
        1.0,
        5.0,
        3.5,
        1.0,
        1.0,
        0.5,
        0.5,
        0.5,
        0.5,
        0.5,
        0.5,
        0.5
    ],
    "format": false,
    "simulate_one_cycle": true,
    "name": "",
    "label": "",
    "skip_graph": true,
    "skip_evaluation": false,
    "ignore_binary_evaluation": true,
    "K": [
        0.7334307314148623,
        0.15208952666925007,
        0.06013370841503557,
        0.24446131200227106,
        0.7420764570981391,
        0.7687110822539842,
        0.17821992908883133,
        0.08353704959178238,
        0.38353927157946804,
        0.12053900512788102,
        0.07892181679311044,
        0.23393952016780872,
        0.7177043600867754
    ],
    "L": [
        0.0001099090909090909,
        8.243181818181816e-05,
        8.243181818181816e-05,
        0.00032972727272727266,
        0.00032972727272727266,
        0.00032972727272727266,
        8.243181818181816e-05,
        0.0001099090909090909,
        0.00032972727272727266,
        5.495454545454545e-05,
        0.0001099090909090909,
        0.0001099090909090909
    ],
    "lambda_limit": []
}