{
    "eta": 0.996,
    "alpha": 52.96,
    "K": [
        0.3969813299182208,
        0.005493628971483644,
        0.07257561790913453,
        0.041644770518910856,
        0.06517229171976163,
        0.1438895451144107,
        0.6849956687112857
    ],
    "L": [
        6.2e-05,
        6.2e-05,
        7.749999999999999e-05,
        7.749999999999999e-05,
        7.749999999999999e-05,
        7.749999999999999e-05
    ],
    "n_eff": 2.2,
    "n_g": 4.4,
    "center_wavelength": 1.55e-06
}