{
    "eta": 0.996,
    "alpha": 52.96,
    "K": [
        0.6231199080722333,
        0.09589533270894852,
        0.03246925614555479,
        0.03651272904373499,
        0.05422613166556874,
        0.09612952835348335,
        0.28845896541256194
    ],
    "L": [
        5.495454545454545e-05,
        5.495454545454545e-05,
        5.495454545454545e-05,
        8.243181818181816e-05,
        8.243181818181816e-05,
        8.243181818181816e-05
    ],
    "n_eff": 2.2,
    "n_g": 4.4,
    "center_wavelength": 1.55e-06
}