{
    "eta": 0.996,
    "alpha": 52.96,
    "K": [
        0.8076941609161012,
        0.18435278441241443,
        0.04405653594126108,
        0.03943778747194843,
        0.05558999650308477,
        0.09912387239456749,
        0.3695547894114048
    ],
    "L": [
        5.495454545454545e-05,
        5.495454545454545e-05,
        5.495454545454545e-05,
        8.243181818181816e-05,
        8.243181818181816e-05,
        8.243181818181816e-05
    ],
    "n_eff": 2.2,
    "n_g": 4.4,
    "center_wavelength": 1.55e-06
}