{
    "eta": 0.996,
    "alpha": 52.96,
    "K": [
        0.7688619391383218,
        0.16689709640423478,
        0.028590055127212632,
        0.051169207104596326,
        0.054345823446604546,
        0.13276736001222428,
        0.6669498121021276
    ],
    "L": [
        5.495454545454545e-05,
        5.495454545454545e-05,
        5.495454545454545e-05,
        8.243181818181816e-05,
        8.243181818181816e-05,
        8.243181818181816e-05
    ],
    "n_eff": 2.2,
    "n_g": 4.4,
    "center_wavelength": 1.55e-06
}