{
    "eta": 0.996,
    "alpha": 52.96,
    "K": [
        0.6160897101243747,
        0.0932794365126821,
        0.0319700952874627,
        0.03635271953961193,
        0.05427710330600935,
        0.096125433884731,
        0.28433296015930126
    ],
    "L": [
        5.495454545454545e-05,
        5.495454545454545e-05,
        5.495454545454545e-05,
        8.243181818181816e-05,
        8.243181818181816e-05,
        8.243181818181816e-05
    ],
    "n_eff": 2.2,
    "n_g": 4.4,
    "center_wavelength": 1.55e-06
}