{
    "eta": 0.996,
    "alpha": 52.96,
    "K": [
        0.5115309799138253,
        0.05814247799100814,
        0.0414523852287852,
        0.06685218221482464,
        0.035778604584125365,
        0.11913150129977826,
        0.5101163796248576
    ],
    "L": [
        6.2e-05,
        6.2e-05,
        7.749999999999999e-05,
        7.749999999999999e-05,
        7.749999999999999e-05,
        7.749999999999999e-05
    ],
    "n_eff": 2.2,
    "n_g": 4.4,
    "center_wavelength": 1.55e-06
}