{
    "entropy": 5,
    "eta": 0.996,
    "alpha": 52.96,
    "n_eff": 2.2,
    "n_g": 4.4,
    "center_wavelength": 1.55e-06,
    "FSR": 2e-08,
    "length_of_3db_band": 1e-09,
    "min_ring_length": 5e-05,
    "max_crosstalk": -30,
    "H_p": -20,
    "H_s": -60,
    "H_i": -10,
    "r_max": 5,
    "weight": [
        1.0,
        3.5,
        1.0,
        5.0,
        3.5,
        1.0,
        1.0,
        0.5,
        0.5,
        0.5,
        0.5,
        0.5,
        0.5,
        0.5
    ],
    "K": [
        0.6843076241067676,
        0.13216441410521854,
        0.06880118310062745,
        0.04020737891166124,
        0.0462118513719252,
        0.12904667330266356,
        0.4606181759014707,
        0.27652315122370236,
        0.03910018568630988,
        0.07683629850124549,
        0.5880439816223341
    ],
    "L": [
        8.243181818181816e-05,
        8.243181818181816e-05,
        8.243181818181816e-05,
        5.495454545454545e-05,
        8.243181818181816e-05,
        5.495454545454545e-05,
        5.495454545454545e-05,
        5.495454545454545e-05,
        5.495454545454545e-05,
        8.243181818181816e-05
    ],
    "lambda_limit": [],
    "name": "",
    "label": "{}{\\(2\\textrm{--}10^\\textrm{th}(p=[0.03,0.07,0.2,0.7])\\)}",
    "format": false
}