{
    "eta": 0.996,
    "alpha": 52.96,
    "K": [
        0.4789379438045856,
        0.07474078079080622,
        0.02058084724506165,
        0.04891876462124902,
        0.05796626295563808,
        0.1275827240893066,
        0.684087784564953
    ],
    "L": [
        5.495454545454545e-05,
        5.495454545454545e-05,
        5.495454545454545e-05,
        8.243181818181816e-05,
        8.243181818181816e-05,
        8.243181818181816e-05
    ],
    "n_eff": 2.2,
    "n_g": 4.4,
    "center_wavelength": 1.55e-06
}