{
    "eta": 0.996,
    "alpha": 52.96,
    "K": [
        0.5174296906473191,
        0.06905093688748393,
        0.046922977155267775,
        0.05268154333157882,
        0.044543832934938465,
        0.11416791575935836,
        0.44571667935716724
    ],
    "L": [
        6.2e-05,
        6.2e-05,
        7.749999999999999e-05,
        7.749999999999999e-05,
        7.749999999999999e-05,
        7.749999999999999e-05
    ],
    "n_eff": 2.2,
    "n_g": 4.4,
    "center_wavelength": 1.55e-06
}