{
    "eta": 0.996,
    "alpha": 52.96,
    "K": [
        0.4610207892804142,
        0.09751627556798456,
        0.15476391343197288,
        0.49652605762033514,
        0.1491583174511696,
        0.11162492064230663,
        0.19445654386872901,
        0.2366846614304327,
        0.8334447773394705
    ],
    "L": [
        8.243181818181816e-05,
        8.243181818181816e-05,
        0.0002198181818181818,
        0.0002198181818181818,
        8.243181818181816e-05,
        0.0002198181818181818,
        8.243181818181816e-05,
        0.0002198181818181818
    ],
    "n_eff": 2.2,
    "n_g": 4.4,
    "center_wavelength": 1.55e-06
}