{
    "eta": 0.996,
    "alpha": 52.96,
    "K": [
        0.539254417445866,
        0.3924274249139229,
        0.5943533747550281,
        0.4842740993092551,
        0.7263945313664253
    ],
    "L": [
        0.0001099090909090909,
        0.00030224999999999995,
        0.00030224999999999995,
        0.0001099090909090909
    ],
    "n_eff": 2.2,
    "n_g": 4.4,
    "center_wavelength": 1.55e-06
}