{
    "eta": 0.996,
    "alpha": 52.96,
    "K": [
        0.35540500737935254,
        0.004810572630396179,
        0.0721604497061904,
        0.04627570475066073,
        0.09539532792264736,
        0.2714300523400424,
        0.8588740599196655
    ],
    "L": [
        6.2e-05,
        6.2e-05,
        7.749999999999999e-05,
        7.749999999999999e-05,
        7.749999999999999e-05,
        7.749999999999999e-05
    ],
    "n_eff": 2.2,
    "n_g": 4.4,
    "center_wavelength": 1.55e-06
}