{
    "eta": 0.996,
    "alpha": 52.96,
    "K": [
        0.44879316334756164,
        0.06507489620921031,
        0.0690279664847584,
        0.11090130304492862,
        0.09796889084221228,
        0.1065294279715247,
        0.3615715433292561
    ],
    "L": [
        5.495454545454545e-05,
        5.495454545454545e-05,
        5.495454545454545e-05,
        8.243181818181816e-05,
        8.243181818181816e-05,
        8.243181818181816e-05
    ],
    "n_eff": 2.2,
    "n_g": 4.4,
    "center_wavelength": 1.55e-06
}