{
    "eta": 0.996,
    "alpha": 52.96,
    "K": [
        0.3362565785931946,
        0.08514332391762286,
        0.0020426030674324247,
        0.06809468632024579,
        0.1109477558163271,
        0.2011537090637983,
        0.746059674009548
    ],
    "L": [
        6.2e-05,
        6.2e-05,
        7.749999999999999e-05,
        7.749999999999999e-05,
        7.749999999999999e-05,
        7.749999999999999e-05
    ],
    "n_eff": 2.2,
    "n_g": 4.4,
    "center_wavelength": 1.55e-06
}