{
    "eta": 0.996,
    "alpha": 52.96,
    "K": [
        0.575801699408293,
        0.06082926912725849,
        0.001493552368913513,
        0.11923892865149024,
        0.13892478224590657,
        0.4563338169882122,
        0.7645264430304047
    ],
    "L": [
        6.2e-05,
        6.2e-05,
        7.749999999999999e-05,
        7.749999999999999e-05,
        7.749999999999999e-05,
        7.749999999999999e-05
    ],
    "n_eff": 2.2,
    "n_g": 4.4,
    "center_wavelength": 1.55e-06
}