{
    "eta": 0.996,
    "alpha": 52.96,
    "K": [
        0.5018704051343055,
        0.05467352852441134,
        0.031602528200157264,
        0.05538031209593658,
        0.03356540799866954,
        0.11760402351675159,
        0.4988538829459019
    ],
    "L": [
        6.2e-05,
        6.2e-05,
        6.2e-05,
        7.749999999999999e-05,
        7.749999999999999e-05,
        7.749999999999999e-05
    ],
    "n_eff": 2.2,
    "n_g": 4.4,
    "center_wavelength": 1.55e-06
}